Allocation Type,Allocated ID,Allocated For,,hyphenated,
16-bit UUID for Members,0000FE86-,"HUAWEI Technologies Co., Ltd. ( ???????? )",,0000FE86-,
16-bit UUID for Members,0000FE85-,RF Digital Corp,,0000FE85-,
16-bit UUID for Members,0000FE84-,RF Digital Corp,,0000FE84-,
16-bit UUID for Members,0000FE83-,Blue Bite,,0000FE83-,
16-bit UUID for Members,0000FE82-,Medtronic Inc.,,0000FE82-,
16-bit UUID for Members,0000FE81-,Medtronic Inc.,,0000FE81-,
16-bit UUID for Members,0000FE80-,Doppler Lab,,0000FE80-,
16-bit UUID for Members,0000FE7F-,Doppler Lab,,0000FE7F-,
16-bit UUID for Members,0000FE7E-,Awear Solutions Ltd,,0000FE7E-,
16-bit UUID for Members,0000FE7D-,Aterica Health Inc.,,0000FE7D-,
16-bit UUID for Members,0000FE7C-,Telit Wireless Solutions (Formerly Stollmann E+V GmbH),,0000FE7C-,
16-bit UUID for Members,0000FE7B-,"Orion Labs, Inc.",,0000FE7B-,
16-bit UUID for Members,0000FE7A-,Bragi GmbH,,0000FE7A-,
16-bit UUID for Members,0000FE79-,Zebra Technologies,,0000FE79-,
16-bit UUID for Members,0000FE78-,Hewlett-Packard Company,,0000FE78-,
16-bit UUID for Members,0000FE77-,Hewlett-Packard Company,,0000FE77-,
16-bit UUID for Members,0000FE76-,TangoMe,,0000FE76-,
16-bit UUID for Members,0000FE75-,TangoMe,,0000FE75-,
16-bit UUID for Members,0000FE74-,unwire,,0000FE74-,
16-bit UUID for Members,0000FE73-,"Abbott (formerly St. Jude Medical, Inc.)",,0000FE73-,
16-bit UUID for Members,0000FE72-,"Abbott (formerly St. Jude Medical, Inc.)",,0000FE72-,
16-bit UUID for Members,0000FE71-,Plume Design Inc,,0000FE71-,
16-bit UUID for Members,0000FE70-,"Beijing Jingdong Century Trading Co., Ltd.",,0000FE70-,
16-bit UUID for Members,0000FE6F-,LINE Corporation,,0000FE6F-,
16-bit UUID for Members,0000FE6E-,The University of Tokyo,,0000FE6E-,
16-bit UUID for Members,0000FE6D-,The University of Tokyo,,0000FE6D-,
16-bit UUID for Members,0000FE6C-,"TASER International, Inc.",,0000FE6C-,
16-bit UUID for Members,0000FE6B-,"TASER International, Inc.",,0000FE6B-,
16-bit UUID for Members,0000FE6A-,Kontakt Micro-Location Sp. z o.o.,,0000FE6A-,
16-bit UUID for Members,0000FE69-,Qualcomm Life Inc,,0000FE69-,
16-bit UUID for Members,0000FE68-,Qualcomm Life Inc,,0000FE68-,
16-bit UUID for Members,0000FE67-,Lab Sensor Solutions,,0000FE67-,
16-bit UUID for Members,0000FE66-,Intel Corporation,,0000FE66-,
16-bit UUID for Members,0000FE65-,CHIPOLO d.o.o.,,0000FE65-,
16-bit UUID for Members,0000FE64-,Siemens AG,,0000FE64-,
16-bit UUID for Members,0000FE63-,"Connected Yard, Inc.",,0000FE63-,
16-bit UUID for Members,0000FE62-,Indagem Tech LLC,,0000FE62-,
16-bit UUID for Members,0000FE61-,Logitech International SA,,0000FE61-,
16-bit UUID for Members,0000FE60-,"Lierda Science & Technology Group Co., Ltd.",,0000FE60-,
16-bit UUID for Members,0000FE5F-,"Eyefi, Inc.",,0000FE5F-,
16-bit UUID for Members,0000FE5E-,Plastc Corporation,,0000FE5E-,
16-bit UUID for Members,0000FE5D-,Grundfos A/S,,0000FE5D-,
16-bit UUID for Members,0000FE5C-,million hunters GmbH,,0000FE5C-,
16-bit UUID for Members,0000FE5B-,GT-tronics HK Ltd,,0000FE5B-,
16-bit UUID for Members,0000FE5A-,Cronologics Corporation,,0000FE5A-,
16-bit UUID for Members,0000FE59-,Nordic Semiconductor ASA,,0000FE59-,
16-bit UUID for Members,0000FE58-,Nordic Semiconductor ASA,,0000FE58-,
16-bit UUID for Members,0000FE57-,Dotted Labs,,0000FE57-,
16-bit UUID for Members,0000FE56-,Google Inc.,,0000FE56-,
16-bit UUID for Members,0000FE55-,Google Inc.,,0000FE55-,
16-bit UUID for Members,0000FE54-,"Motiv, Inc.",,0000FE54-,
16-bit UUID for Members,0000FE53-,3M,,0000FE53-,
16-bit UUID for Members,0000FE52-,SetPoint Medical,,0000FE52-,
16-bit UUID for Members,0000FE51-,SRAM,,0000FE51-,
16-bit UUID for Members,0000FE50-,Google Inc.,,0000FE50-,
16-bit UUID for Members,0000FE4F-,"Molekule, Inc.",,0000FE4F-,
16-bit UUID for Members,0000FE4E-,NTT docomo,,0000FE4E-,
16-bit UUID for Members,0000FE4D-,Casambi Technologies Oy,,0000FE4D-,
16-bit UUID for Members,0000FE4C-,Volkswagen AG,,0000FE4C-,
16-bit UUID for Members,0000FE4B-,Signify Netherlands B.V. (formerly Philips Lighting B.V.),,0000FE4B-,
16-bit UUID for Members,0000FE4A-,"OMRON HEALTHCARE Co., Ltd.",,0000FE4A-,
16-bit UUID for Members,0000FE49-,SenionLab AB,,0000FE49-,
16-bit UUID for Members,0000FE48-,General Motors,,0000FE48-,
16-bit UUID for Members,0000FE47-,General Motors,,0000FE47-,
16-bit UUID for Members,0000FE46-,B&O Play A/S,,0000FE46-,
16-bit UUID for Members,0000FE45-,Snapchat Inc,,0000FE45-,
16-bit UUID for Members,0000FE44-,SK Telecom,,0000FE44-,
16-bit UUID for Members,0000FE43-,Andreas Stihl AG & Co. KG,,0000FE43-,
16-bit UUID for Members,0000FE42-,Nets A/S,,0000FE42-,
16-bit UUID for Members,0000FE41-,Inugo Systems Limited,,0000FE41-,
16-bit UUID for Members,0000FE40-,Inugo Systems Limited,,0000FE40-,
16-bit UUID for Members,0000FE3F-,Friday Labs Limited,,0000FE3F-,
16-bit UUID for Members,0000FE3E-,BD Medical,,0000FE3E-,
16-bit UUID for Members,0000FE3D-,BD Medical,,0000FE3D-,
16-bit UUID for Members,0000FE3C-,alibaba,,0000FE3C-,
16-bit UUID for Members,0000FE3B-,Dolby Laboratories,,0000FE3B-,
16-bit UUID for Members,0000FE3A-,TTS Tooltechnic Systems AG & Co. KG,,0000FE3A-,
16-bit UUID for Members,0000FE39-,TTS Tooltechnic Systems AG & Co. KG,,0000FE39-,
16-bit UUID for Members,0000FE38-,Spaceek LTD,,0000FE38-,
16-bit UUID for Members,0000FE37-,Spaceek LTD,,0000FE37-,
16-bit UUID for Members,0000FE36-,"HUAWEI Technologies Co., Ltd",,0000FE36-,
16-bit UUID for Members,0000FE35-,"HUAWEI Technologies Co., Ltd",,0000FE35-,
16-bit UUID for Members,0000FE34-,SmallLoop LLC,,0000FE34-,
16-bit UUID for Members,0000FE33-,CHIPOLO d.o.o.,,0000FE33-,
16-bit UUID for Members,0000FE32-,"Pro-Mark, Inc.",,0000FE32-,
16-bit UUID for Members,0000FE31-,Volkswagen AG,,0000FE31-,
16-bit UUID for Members,0000FE30-,Volkswagen AG,,0000FE30-,
16-bit UUID for Members,0000FE2F-,"CRESCO Wireless, Inc",,0000FE2F-,
16-bit UUID for Members,0000FE2E-,"ERi,Inc.",,0000FE2E-,
16-bit UUID for Members,0000FE2D-,"SMART INNOVATION Co.,Ltd",,0000FE2D-,
16-bit UUID for Members,0000FE2C-,Google,,0000FE2C-,
16-bit UUID for Members,0000FE2B-,ITT Industries,,0000FE2B-,
16-bit UUID for Members,0000FE2A-,"DaisyWorks, Inc.",,0000FE2A-,
16-bit UUID for Members,0000FE29-,Gibson Innovations,,0000FE29-,
16-bit UUID for Members,0000FE28-,Ayla Networks,,0000FE28-,
16-bit UUID for Members,0000FE27-,Google,,0000FE27-,
16-bit UUID for Members,0000FE26-,Google,,0000FE26-,
16-bit UUID for Members,0000FE25-,"Apple, Inc.",,0000FE25-,
16-bit UUID for Members,0000FE24-,August Home Inc,,0000FE24-,
16-bit UUID for Members,0000FE23-,Zoll Medical Corporation,,0000FE23-,
16-bit UUID for Members,0000FE22-,Zoll Medical Corporation,,0000FE22-,
16-bit UUID for Members,0000FE21-,Bose Corporation,,0000FE21-,
16-bit UUID for Members,0000FE20-,Emerson,,0000FE20-,
16-bit UUID for Members,0000FE1F-,"Garmin International, Inc.",,0000FE1F-,
16-bit UUID for Members,0000FE1E-,"Smart Innovations Co., Ltd",,0000FE1E-,
16-bit UUID for Members,0000FE1D-,Illuminati Instrument Corporation,,0000FE1D-,
16-bit UUID for Members,0000FE1C-,"NetMedia, Inc.",,0000FE1C-,
16-bit UUID for Members,0000FE1B-,Tyto Life LLC,,0000FE1B-,
16-bit UUID for Members,0000FE1A-,Tyto Life LLC,,0000FE1A-,
16-bit UUID for Members,0000FE19-,"Google, Inc",,0000FE19-,
16-bit UUID for Members,0000FE18-,"Runtime, Inc.",,0000FE18-,
16-bit UUID for Members,0000FE17-,Telit Wireless Solutions GmbH,,0000FE17-,
16-bit UUID for Members,0000FE16-,"Footmarks, Inc.",,0000FE16-,
16-bit UUID for Members,0000FE15-,"Amazon.com Services, Inc..",,0000FE15-,
16-bit UUID for Members,0000FE14-,Flextronics International USA Inc.,,0000FE14-,
16-bit UUID for Members,0000FE13-,Apple Inc.,,0000FE13-,
16-bit UUID for Members,0000FE12-,M-Way Solutions GmbH,,0000FE12-,
16-bit UUID for Members,0000FE11-,GMC-I Messtechnik GmbH,,0000FE11-,
16-bit UUID for Members,0000FE10-,"LAPIS Technology Co., Ltd.",,0000FE10-,
16-bit UUID for Members,0000FE0F-,Signify Netherlands B.V. (formerly Philips Lighting B.V.),,0000FE0F-,
16-bit UUID for Members,0000FE0E-,Setec Pty Ltd,,0000FE0E-,
16-bit UUID for Members,0000FE0D-,Procter & Gamble,,0000FE0D-,
16-bit UUID for Members,0000FE0C-,Procter & Gamble,,0000FE0C-,
16-bit UUID for Members,0000FE0B-,ruwido austria gmbh,,0000FE0B-,
16-bit UUID for Members,0000FE0A-,ruwido austria gmbh,,0000FE0A-,
16-bit UUID for Members,0000FE09-,"Pillsy, Inc.",,0000FE09-,
16-bit UUID for Members,0000FE08-,Microsoft,,0000FE08-,
16-bit UUID for Members,0000FE07-,"Sonos, Inc.",,0000FE07-,
16-bit UUID for Members,0000FE06-,"Qualcomm Technologies, Inc.",,0000FE06-,
16-bit UUID for Members,0000FE05-,CORE Transport Technologies NZ Limited,,0000FE05-,
16-bit UUID for Members,0000FE04-,OpenPath Security Inc,,0000FE04-,
16-bit UUID for Members,0000FE03-,"Amazon.com Services, Inc.",,0000FE03-,
16-bit UUID for Members,0000FE02-,Robert Bosch GmbH,,0000FE02-,
16-bit UUID for Members,0000FE01-,Duracell U.S. Operations Inc.,,0000FE01-,
16-bit UUID for Members,0000FE00-,"Amazon.com Services, Inc.",,0000FE00-,
16-bit UUID for Members,0000FDFF-,OSRAM GmbH,,0000FDFF-,
16-bit UUID for Members,0000FDFE-,ADHERIUM(NZ) LIMITED,,0000FDFE-,
16-bit UUID for Members,0000FDFD-,RecursiveSoft Inc.,,0000FDFD-,
16-bit UUID for Members,0000FDFC-,Optrel AG,,0000FDFC-,
16-bit UUID for Members,0000FDFB-,Tandem Diabetes Care,,0000FDFB-,
16-bit UUID for Members,0000FDFA-,Tandem Diabetes Care,,0000FDFA-,
16-bit UUID for Members,0000FDF9-,INIA,,0000FDF9-,
16-bit UUID for Members,0000FDF8-,Onvocal,,0000FDF8-,
16-bit UUID for Members,0000FDF7-,HP Inc.,,0000FDF7-,
16-bit UUID for Members,0000FDF6-,AIAIAI ApS,,0000FDF6-,
16-bit UUID for Members,0000FDF5-,Milwaukee Electric Tools,,0000FDF5-,
16-bit UUID for Members,0000FDF4-,"O. E. M. Controls, Inc.",,0000FDF4-,
16-bit UUID for Members,0000FDF3-,Amersports,,0000FDF3-,
16-bit UUID for Members,0000FDF2-,AMICCOM Electronics Corporation,,0000FDF2-,
16-bit UUID for Members,0000FDF1-,"LAMPLIGHT Co.,Ltd",,0000FDF1-,
16-bit UUID for Members,0000FDF0-,Google Inc.,,0000FDF0-,
16-bit UUID for Members,0000FDEF-,"ART AND PROGRAM, INC.",,0000FDEF-,
16-bit UUID for Members,0000FDEE-,"Huawei Technologies Co., Ltd.",,0000FDEE-,
16-bit UUID for Members,0000FDED-,Pole Star,,0000FDED-,
16-bit UUID for Members,0000FDEC-,Mannkind Corporation,,0000FDEC-,
16-bit UUID for Members,0000FDEB-,Syntronix Corporation,,0000FDEB-,
16-bit UUID for Members,0000FDEA-,"SeeScan, Inc",,0000FDEA-,
16-bit UUID for Members,0000FDE9-,Spacesaver Corporation,,0000FDE9-,
16-bit UUID for Members,0000FDE8-,Robert Bosch GmbH,,0000FDE8-,
16-bit UUID for Members,0000FDE7-,"SECOM Co., LTD",,0000FDE7-,
16-bit UUID for Members,0000FDE6-,Intelletto Technologies Inc,,0000FDE6-,
16-bit UUID for Members,0000FDE5-,SMK Corporation,,0000FDE5-,
16-bit UUID for Members,0000FDE4-,"JUUL Labs, Inc.",,0000FDE4-,
16-bit UUID for Members,0000FDE3-,Abbott Diabetes Care,,0000FDE3-,
16-bit UUID for Members,0000FDE2-,Google Inc.,,0000FDE2-,
16-bit UUID for Members,0000FDE1-,Fortin Electronic Systems,,0000FDE1-,
16-bit UUID for Members,0000FDE0-,John Deere,,0000FDE0-,
16-bit UUID for Members,0000FDDF-,Harman International,,0000FDDF-,
16-bit UUID for Members,0000FDDE-,Noodle Technology Inc.,,0000FDDE-,
16-bit UUID for Members,0000FDDD-,Arch Systems Inc,,0000FDDD-,
16-bit UUID for Members,0000FDDC-,4iiii Innovations Inc.,,0000FDDC-,
16-bit UUID for Members,0000FDDB-,"Samsung Electronics Co., Ltd.",,0000FDDB-,
16-bit UUID for Members,0000FDDA-,MHCS,,0000FDDA-,
16-bit UUID for Members,0000FDD9-,"Jiangsu Teranovo Tech Co., Ltd.",,0000FDD9-,
16-bit UUID for Members,0000FDD8-,"Jiangsu Teranovo Tech Co., Ltd.",,0000FDD8-,
16-bit UUID for Members,0000FDD7-,Emerson,,0000FDD7-,
16-bit UUID for Members,0000FDD6-,Ministry of Supply,,0000FDD6-,
16-bit UUID for Members,0000FDD5-,Brompton Bicycle Ltd,,0000FDD5-,
16-bit UUID for Members,0000FDD4-,LX Solutions Pty Limited,,0000FDD4-,
16-bit UUID for Members,0000FDD3-,FUBA Automotive Electronics GmbH,,0000FDD3-,
16-bit UUID for Members,0000FDD2-,Bose Corporation,,0000FDD2-,
16-bit UUID for Members,0000FDD1-,"Huawei Technologies Co., Ltd",,0000FDD1-,
16-bit UUID for Members,0000FDD0-,"Huawei Technologies Co., Ltd",,0000FDD0-,
16-bit UUID for Members,0000FDCF-,"Nalu Medical, Inc",,0000FDCF-,
16-bit UUID for Members,0000FDCE-,SENNHEISER electronic GmbH & Co. KG,,0000FDCE-,
16-bit UUID for Members,0000FDCD-,"Qingping Technology (Beijing) Co., Ltd.",,0000FDCD-,
16-bit UUID for Members,0000FDCC-,Shoof Technologies,,0000FDCC-,
16-bit UUID for Members,0000FDCB-,Meggitt SA,,0000FDCB-,
16-bit UUID for Members,0000FDCA-,Fortin Electronic Systems,,0000FDCA-,
16-bit UUID for Members,0000FDC9-,Busch-Jaeger Elektro GmbH,,0000FDC9-,
16-bit UUID for Members,0000FDC8-,Hach – Danaher,,0000FDC8-,
16-bit UUID for Members,0000FDC7-,Eli Lilly and Company,,0000FDC7-,
16-bit UUID for Members,0000FDC6-,Eli Lilly and Company,,0000FDC6-,
16-bit UUID for Members,0000FDC5-,Automatic Labs,,0000FDC5-,
16-bit UUID for Members,0000FDC4-,Simavita (Aust) Pty Ltd,,0000FDC4-,
16-bit UUID for Members,0000FDC3-,"Baidu Online Network Technology (Beijing) Co., Ltd",,0000FDC3-,
16-bit UUID for Members,0000FDC2-,"Baidu Online Network Technology (Beijing) Co., Ltd",,0000FDC2-,
16-bit UUID for Members,0000FDC1-,Hunter Douglas,,0000FDC1-,
16-bit UUID for Members,0000FDC0-,Hunter Douglas,,0000FDC0-,
16-bit UUID for Members,0000FDBF-,California Things Inc.,,0000FDBF-,
16-bit UUID for Members,0000FDBE-,California Things Inc.,,0000FDBE-,
16-bit UUID for Members,0000FDBD-,"Clover Network, Inc.",,0000FDBD-,
16-bit UUID for Members,0000FDBC-,Emerson,,0000FDBC-,
16-bit UUID for Members,0000FDBB-,Profoto,,0000FDBB-,
16-bit UUID for Members,0000FDBA-,Comcast Cable Corporation,,0000FDBA-,
16-bit UUID for Members,0000FDB9-,Comcast Cable Corporation,,0000FDB9-,
16-bit UUID for Members,0000FDB8-,LivaNova USA Inc.,,0000FDB8-,
16-bit UUID for Members,0000FDB7-,LivaNova USA Inc.,,0000FDB7-,
16-bit UUID for Members,0000FDB6-,GWA Hygiene GmbH,,0000FDB6-,
16-bit UUID for Members,0000FDB5-,ECSG,,0000FDB5-,
16-bit UUID for Members,0000FDB4-,HP Inc,,0000FDB4-,
16-bit UUID for Members,0000FDB3-,Audiodo AB,,0000FDB3-,
16-bit UUID for Members,0000FDB2-,Portable Multimedia Ltd,,0000FDB2-,
16-bit UUID for Members,0000FDB1-,"Proxy Technologies, Inc.",,0000FDB1-,
16-bit UUID for Members,0000FDB0-,"Proxy Technologies, Inc.",,0000FDB0-,
16-bit UUID for Members,0000FDAF-,Wiliot LTD,,0000FDAF-,
16-bit UUID for Members,0000FDAE-,"Houwa System Design, k.k.",,0000FDAE-,
16-bit UUID for Members,0000FDAD-,"Houwa System Design, k.k.",,0000FDAD-,
16-bit UUID for Members,0000FDAC-,Tentacle Sync GmbH,,0000FDAC-,
16-bit UUID for Members,0000FDAB-,Xiaomi Inc.,,0000FDAB-,
16-bit UUID for Members,0000FDAA-,Xiaomi Inc.,,0000FDAA-,
16-bit UUID for Members,0000FDA9-,"Rhombus Systems, Inc.",,0000FDA9-,
16-bit UUID for Members,0000FDA8-,PSA Peugeot Citroën,,0000FDA8-,
16-bit UUID for Members,0000FDA7-,WWZN Information Technology Company Limited,,0000FDA7-,
16-bit UUID for Members,0000FDA6-,WWZN Information Technology Company Limited,,0000FDA6-,
16-bit UUID for Members,0000FDA5-,"Neurostim OAB, Inc.",,0000FDA5-,
16-bit UUID for Members,0000FDA4-,Inseego Corp.,,0000FDA4-,
16-bit UUID for Members,0000FDA3-,Inseego Corp.,,0000FDA3-,
16-bit UUID for Members,0000FDA2-,"Groove X, Inc",,0000FDA2-,
16-bit UUID for Members,0000FDA1-,"Groove X, Inc",,0000FDA1-,
16-bit UUID for Members,0000FDA0-,Secugen Corporation,,0000FDA0-,
16-bit UUID for Members,0000FD9F-,VitalTech Affiliates LLC,,0000FD9F-,
16-bit UUID for Members,0000FD9E-,The Coca-Cola Company,,0000FD9E-,
16-bit UUID for Members,0000FD9D-,Gastec Corporation,,0000FD9D-,
16-bit UUID for Members,0000FD9C-,"Huawei Technologies Co., Ltd.",,0000FD9C-,
16-bit UUID for Members,0000FD9B-,"Huawei Technologies Co., Ltd.",,0000FD9B-,
16-bit UUID for Members,0000FD9A-,"Huawei Technologies Co., Ltd.",,0000FD9A-,
16-bit UUID for Members,0000FD99-,ABB Oy,,0000FD99-,
16-bit UUID for Members,0000FD98-,"Disney Worldwide Services, Inc.",,0000FD98-,
16-bit UUID for Members,0000FD97-,"June Life, Inc.",,0000FD97-,
16-bit UUID for Members,0000FD96-,Google LLC,,0000FD96-,
16-bit UUID for Members,0000FD95-,Rigado,,0000FD95-,
16-bit UUID for Members,0000FD94-,Hewlett Packard Enterprise,,0000FD94-,
16-bit UUID for Members,0000FD93-,Bayerische Motoren Werke AG,,0000FD93-,
16-bit UUID for Members,0000FD92-,"Qualcomm Technologies International, Ltd. (QTIL)",,0000FD92-,
16-bit UUID for Members,0000FD91-,"Groove X, Inc.",,0000FD91-,
16-bit UUID for Members,0000FD90-,"Guangzhou SuperSound Information Technology Co.,Ltd",,0000FD90-,
16-bit UUID for Members,0000FD8F-,Matrix ComSec Pvt. Ltd.,,0000FD8F-,
16-bit UUID for Members,0000FD8E-,Motorola Solutions,,0000FD8E-,
16-bit UUID for Members,0000FD8D-,quip NYC Inc.,,0000FD8D-,
16-bit UUID for Members,0000FD8C-,Google LLC,,0000FD8C-,
16-bit UUID for Members,0000FD8B-,Jigowatts Inc.,,0000FD8B-,
16-bit UUID for Members,0000FD8A-,Signify Netherlands B.V.,,0000FD8A-,
16-bit UUID for Members,0000FD89-,Urbanminded LTD,,0000FD89-,
16-bit UUID for Members,0000FD88-,Urbanminded LTD,,0000FD88-,
16-bit UUID for Members,0000FD87-,Google LLC,,0000FD87-,
16-bit UUID for Members,0000FD86-,Abbott,,0000FD86-,
16-bit UUID for Members,0000FD85-,Husqvarna AB,,0000FD85-,
16-bit UUID for Members,0000FD84-,"Tile, Inc.",,0000FD84-,
16-bit UUID for Members,0000FD83-,iNFORM Technology GmbH,,0000FD83-,
16-bit UUID for Members,0000FD82-,Sony Corporation,,0000FD82-,
16-bit UUID for Members,0000FD81-,"CANDY HOUSE, Inc.",,0000FD81-,
16-bit UUID for Members,0000FD80-,"Phindex Technologies, Inc",,0000FD80-,
16-bit UUID for Members,0000FD7F-,Husqvarna AB,,0000FD7F-,
16-bit UUID for Members,0000FD7E-,"Samsung Electronics Co., Ltd.",,0000FD7E-,
16-bit UUID for Members,0000FD7D-,Center for Advanced Research Wernher Von Braun,,0000FD7D-,
16-bit UUID for Members,0000FD7C-,Toshiba Information Systems(Japan) Corporation,,0000FD7C-,
16-bit UUID for Members,0000FD7B-,"WYZE LABS, INC.",,0000FD7B-,
16-bit UUID for Members,0000FD7A-,Withings,,0000FD7A-,
16-bit UUID for Members,0000FD79-,Withings,,0000FD79-,
16-bit UUID for Members,0000FD78-,Withings,,0000FD78-,
16-bit UUID for Members,0000FD77-,Withings,,0000FD77-,
16-bit UUID for Members,0000FD76-,Insulet Corporation,,0000FD76-,
16-bit UUID for Members,0000FD75-,Insulet Corporation,,0000FD75-,
16-bit UUID for Members,0000FD74-,BRControls Products BV,,0000FD74-,
16-bit UUID for Members,0000FD73-,BRControls Products BV,,0000FD73-,
16-bit UUID for Members,0000FD72-,Logitech International SA,,0000FD72-,
16-bit UUID for Members,0000FD71-,GN Hearing A/S,,0000FD71-,
16-bit UUID for Members,0000FD70-,"GuangDong Oppo Mobile Telecommunications Corp., Ltd",,0000FD70-,
16-bit UUID for Members,0000FD6F-,"Apple, Inc.",,0000FD6F-,
16-bit UUID for Members,0000FD6E-,Polidea sp. z o.o.,,0000FD6E-,
16-bit UUID for Members,0000FD6D-,Sigma Elektro GmbH,,0000FD6D-,
16-bit UUID for Members,0000FD6C-,"Samsung Electronics Co., Ltd.",,0000FD6C-,
16-bit UUID for Members,0000FD6B-,rapitag GmbH,,0000FD6B-,
16-bit UUID for Members,0000FD6A-,Emerson,,0000FD6A-,
16-bit UUID for Members,0000FD69-,"Samsung Electronics Co., Ltd",,0000FD69-,
16-bit UUID for Members,0000FD68-,Ubique Innovation AG,,0000FD68-,
16-bit UUID for Members,0000FD67-,Montblanc Simplo GmbH,,0000FD67-,
16-bit UUID for Members,0000FD66-,Zebra Technologies Corporation,,0000FD66-,
16-bit UUID for Members,0000FD65-,Razer Inc.,,0000FD65-,
16-bit UUID for Members,0000FD64-,INRIA,,0000FD64-,
16-bit UUID for Members,0000FD63-,"Fitbit, Inc.",,0000FD63-,
16-bit UUID for Members,0000FD62-,"Fitbit, Inc.",,0000FD62-,
16-bit UUID for Members,0000FD61-,Arendi AG,,0000FD61-,
16-bit UUID for Members,0000FD60-,Sercomm Corporation,,0000FD60-,
16-bit UUID for Members,0000FD5F-,"Oculus VR, LLC",,0000FD5F-,
16-bit UUID for Members,0000FD5E-,Tapkey GmbH,,0000FD5E-,
16-bit UUID for Members,0000FD5D-,maxon motor ltd.,,0000FD5D-,
16-bit UUID for Members,0000FD5C-,React Mobile,,0000FD5C-,
16-bit UUID for Members,0000FD5B-,V2SOFT INC.,,0000FD5B-,
16-bit UUID for Members,0000FD5A-,"Samsung Electronics Co., Ltd.",,0000FD5A-,
16-bit UUID for Members,0000FD59-,"Samsung Electronics Co., Ltd.",,0000FD59-,
16-bit UUID for Members,0000FD58-,Volvo Car Corporation,,0000FD58-,
16-bit UUID for Members,0000FD57-,Volvo Car Corporation,,0000FD57-,
16-bit UUID for Members,0000FD56-,Resmed Ltd,,0000FD56-,
16-bit UUID for Members,0000FD55-,"Braveheart Wireless, Inc.",,0000FD55-,
16-bit UUID for Members,0000FD54-,"Qingdao Haier Technology Co., Ltd.",,0000FD54-,
16-bit UUID for Members,0000FD53-,PCI Private Limited,,0000FD53-,
16-bit UUID for Members,0000FD52-,UTC Fire and Security,,0000FD52-,
16-bit UUID for Members,0000FD51-,UTC Fire and Security,,0000FD51-,
16-bit UUID for Members,0000FD50-,"Hangzhou Tuya Information Technology Co., Ltd",,0000FD50-,
16-bit UUID for Members,0000FD4F-,Forkbeard Technologies AS,,0000FD4F-,
16-bit UUID for Members,0000FD4E-,"70mai Co.,Ltd.",,0000FD4E-,
16-bit UUID for Members,0000FD4D-,"70mai Co.,Ltd.",,0000FD4D-,
16-bit UUID for Members,0000FD4C-,Adolf Wuerth GmbH & Co KG,,0000FD4C-,
16-bit UUID for Members,0000FD4B-,"Samsung Electronics Co., Ltd.",,0000FD4B-,
16-bit UUID for Members,0000FD4A-,Sigma Elektro GmbH,,0000FD4A-,
16-bit UUID for Members,0000FD49-,Panasonic Corporation,,0000FD49-,
16-bit UUID for Members,0000FD48-,Geberit International AG,,0000FD48-,
16-bit UUID for Members,0000FD47-,Liberty Global Inc.,,0000FD47-,
16-bit UUID for Members,0000FD46-,Lemco IKE,,0000FD46-,
16-bit UUID for Members,0000FD45-,"GB Solution co.,Ltd",,0000FD45-,
16-bit UUID for Members,0000FD44-,Apple Inc.,,0000FD44-,
16-bit UUID for Members,0000FD43-,Apple Inc.,,0000FD43-,
16-bit UUID for Members,0000FD42-,"Globe (Jiangsu) Co.,Ltd",,0000FD42-,
16-bit UUID for Members,0000FD41-,Amazon Lab126,,0000FD41-,
16-bit UUID for Members,0000FD40-,Beflex Inc.,,0000FD40-,
16-bit UUID for Members,0000FD3F-,"Cognosos, Inc",,0000FD3F-,
16-bit UUID for Members,0000FD3E-,"Pure Watercraft, inc.",,0000FD3E-,
16-bit UUID for Members,0000FD3D-,"Woan Technology (Shenzhen) Co., Ltd.",,0000FD3D-,
16-bit UUID for Members,0000FD3C-,Redline Communications Inc.,,0000FD3C-,
16-bit UUID for Members,0000FD3B-,Verkada Inc.,,0000FD3B-,
16-bit UUID for Members,0000FD3A-,Verkada Inc.,,0000FD3A-,
16-bit UUID for Members,0000FD39-,PREDIKTAS,,0000FD39-,
16-bit UUID for Members,0000FD38-,Danfoss A/S,,0000FD38-,
16-bit UUID for Members,0000FD37-,TireCheck GmbH,,0000FD37-,
16-bit UUID for Members,0000FD36-,Google LLC,,0000FD36-,
16-bit UUID for Members,0000FD35-,Transsion Holdings Limited,,0000FD35-,
16-bit UUID for Members,0000FD34-,Aerosens LLC.,,0000FD34-,
16-bit UUID for Members,0000FD33-,"DashLogic, Inc.",,0000FD33-,
16-bit UUID for Members,0000FD32-,Gemalto Holding BV,,0000FD32-,
16-bit UUID for Members,0000FD31-,LG Electronics Inc.,,0000FD31-,
16-bit UUID for Members,0000FD30-,Sesam Solutions BV,,0000FD30-,
16-bit UUID for Members,0000FD2F-,Bitstrata Systems Inc.,,0000FD2F-,
16-bit UUID for Members,0000FD2E-,Bitstrata Systems Inc.,,0000FD2E-,
16-bit UUID for Members,0000FD2D-,Xiaomi Inc.,,0000FD2D-,
16-bit UUID for Members,0000FD2C-,The Access Technologies,,0000FD2C-,
16-bit UUID for Members,0000FD2B-,The Access Technologies,,0000FD2B-,
16-bit UUID for Members,0000FD2A-,Sony Corporation,,0000FD2A-,
16-bit UUID for Members,0000FD29-,Asahi Kasei Corporation,,0000FD29-,
16-bit UUID for Members,0000FD28-,Julius Blum GmbH,,0000FD28-,
16-bit UUID for Members,0000FD27-,i2Systems,,0000FD27-,
16-bit UUID for Members,0000FD26-,Novo Nordisk A/S,,0000FD26-,
16-bit UUID for Members,0000FD25-,"GD Midea Air-Conditioning Equipment Co., Ltd.",,0000FD25-,
16-bit UUID for Members,0000FD24-,"GD Midea Air-Conditioning Equipment Co., Ltd.",,0000FD24-,
16-bit UUID for Members,0000FD23-,DOM Sicherheitstechnik GmbH & Co. KG,,0000FD23-,
16-bit UUID for Members,0000FD22-,"Huawei Technologies Co., Ltd.",,0000FD22-,
16-bit UUID for Members,0000FD21-,"Huawei Technologies Co., Ltd.",,0000FD21-,
16-bit UUID for Members,0000FD20-,GN Hearing A/S,,0000FD20-,
16-bit UUID for Members,0000FD1F-,3M,,0000FD1F-,
GATT Characteristic and Object Type,00002A00-,Device Name,,00002A00-,
GATT Characteristic and Object Type,00002A01-,Appearance,,00002A01-,
GATT Characteristic and Object Type,00002A02-,Peripheral Privacy Flag,,00002A02-,
GATT Characteristic and Object Type,00002A03-,Reconnection Address,,00002A03-,
GATT Characteristic and Object Type,00002A04-,Peripheral Preferred Connection Parameters,,00002A04-,
GATT Characteristic and Object Type,00002A05-,Service Changed,,00002A05-,
GATT Characteristic and Object Type,00002A06-,Alert Level,,00002A06-,
GATT Characteristic and Object Type,00002A07-,Tx Power Level,,00002A07-,
GATT Characteristic and Object Type,00002A08-,Date Time,,00002A08-,
GATT Characteristic and Object Type,00002A09-,Day of Week,,00002A09-,
GATT Characteristic and Object Type,00002A0A-,Day Date Time,,00002A0A-,
GATT Characteristic and Object Type,00002A0C-,Exact Time 256,,00002A0C-,
GATT Characteristic and Object Type,00002A0D-,DST Offset,,00002A0D-,
GATT Characteristic and Object Type,00002A0E-,Time Zone,,00002A0E-,
GATT Characteristic and Object Type,00002A0F-,Local Time Information,,00002A0F-,
GATT Characteristic and Object Type,00002A11-,Time with DST,,00002A11-,
GATT Characteristic and Object Type,00002A12-,Time Accuracy,,00002A12-,
GATT Characteristic and Object Type,00002A13-,Time Source,,00002A13-,
GATT Characteristic and Object Type,00002A14-,Reference Time Information,,00002A14-,
GATT Characteristic and Object Type,00002A16-,Time Update Control Point,,00002A16-,
GATT Characteristic and Object Type,00002A17-,Time Update State,,00002A17-,
GATT Characteristic and Object Type,00002A18-,Glucose Measurement,,00002A18-,
GATT Characteristic and Object Type,00002A19-,Battery Level,,00002A19-,
GATT Characteristic and Object Type,00002A1C-,Temperature Measurement,,00002A1C-,
GATT Characteristic and Object Type,00002A1D-,Temperature Type,,00002A1D-,
GATT Characteristic and Object Type,00002A1E-,Intermediate Temperature,,00002A1E-,
GATT Characteristic and Object Type,00002A21-,Measurement Interval,,00002A21-,
GATT Characteristic and Object Type,00002A22-,Boot Keyboard Input Report,,00002A22-,
GATT Characteristic and Object Type,00002A23-,System ID,,00002A23-,
GATT Characteristic and Object Type,00002A24-,Model Number String,,00002A24-,
GATT Characteristic and Object Type,00002A25-,Serial Number String,,00002A25-,
GATT Characteristic and Object Type,00002A26-,Firmware Revision String,,00002A26-,
GATT Characteristic and Object Type,00002A27-,Hardware Revision String,,00002A27-,
GATT Characteristic and Object Type,00002A28-,Software Revision String,,00002A28-,
GATT Characteristic and Object Type,00002A29-,Manufacturer Name String,,00002A29-,
GATT Characteristic and Object Type,00002A2A-,IEEE 11073-20601 Regulatory Certification Data List,,00002A2A-,
GATT Characteristic and Object Type,00002A2B-,Current Time,,00002A2B-,
GATT Characteristic and Object Type,00002A31-,Scan Refresh,,00002A31-,
GATT Characteristic and Object Type,00002A32-,Boot Keyboard Output Report,,00002A32-,
GATT Characteristic and Object Type,00002A33-,Boot Mouse Input Report,,00002A33-,
GATT Characteristic and Object Type,00002A34-,Glucose Measurement Context,,00002A34-,
GATT Characteristic and Object Type,00002A35-,Blood Pressure Measurement,,00002A35-,
GATT Characteristic and Object Type,00002A36-,Intermediate Cuff Pressure,,00002A36-,
GATT Characteristic and Object Type,00002A37-,Heart Rate Measurement,,00002A37-,
GATT Characteristic and Object Type,00002A38-,Body Sensor Location,,00002A38-,
GATT Characteristic and Object Type,00002A39-,Heart Rate Control Point,,00002A39-,
GATT Characteristic and Object Type,00002A3F-,Alert Status,,00002A3F-,
GATT Characteristic and Object Type,00002A40-,Ringer Control Point,,00002A40-,
GATT Characteristic and Object Type,00002A41-,Ringer Setting,,00002A41-,
GATT Characteristic and Object Type,00002A42-,Alert Category ID Bit Mask,,00002A42-,
GATT Characteristic and Object Type,00002A43-,Alert Category ID,,00002A43-,
GATT Characteristic and Object Type,00002A44-,Alert Notification Control Point,,00002A44-,
GATT Characteristic and Object Type,00002A45-,Unread Alert Status,,00002A45-,
GATT Characteristic and Object Type,00002A46-,New Alert,,00002A46-,
GATT Characteristic and Object Type,00002A47-,Supported New Alert Category,,00002A47-,
GATT Characteristic and Object Type,00002A48-,Supported Unread Alert Category,,00002A48-,
GATT Characteristic and Object Type,00002A49-,Blood Pressure Feature,,00002A49-,
GATT Characteristic and Object Type,00002A4A-,HID Information,,00002A4A-,
GATT Characteristic and Object Type,00002A4B-,Report Map,,00002A4B-,
GATT Characteristic and Object Type,00002A4C-,HID Control Point,,00002A4C-,
GATT Characteristic and Object Type,00002A4D-,Report,,00002A4D-,
GATT Characteristic and Object Type,00002A4E-,Protocol Mode,,00002A4E-,
GATT Characteristic and Object Type,00002A4F-,Scan Interval Window,,00002A4F-,
GATT Characteristic and Object Type,00002A50-,PnP ID,,00002A50-,
GATT Characteristic and Object Type,00002A51-,Glucose Feature,,00002A51-,
GATT Characteristic and Object Type,00002A52-,Record Access Control Point,,00002A52-,
GATT Characteristic and Object Type,00002A53-,RSC Measurement,,00002A53-,
GATT Characteristic and Object Type,00002A54-,RSC Feature,,00002A54-,
GATT Characteristic and Object Type,00002A55-,SC Control Point,,00002A55-,
GATT Characteristic and Object Type,00002A5A-,Aggregate,,00002A5A-,
GATT Characteristic and Object Type,00002A5B-,CSC Measurement,,00002A5B-,
GATT Characteristic and Object Type,00002A5C-,CSC Feature,,00002A5C-,
GATT Characteristic and Object Type,00002A5D-,Sensor Location,,00002A5D-,
GATT Characteristic and Object Type,00002A5E-,PLX Spot-Check Measurement,,00002A5E-,
GATT Characteristic and Object Type,00002A5F-,PLX Continuous Measurement,,00002A5F-,
GATT Characteristic and Object Type,00002A60-,PLX Features,,00002A60-,
GATT Characteristic and Object Type,00002A63-,Cycling Power Measurement,,00002A63-,
GATT Characteristic and Object Type,00002A64-,Cycling Power Vector,,00002A64-,
GATT Characteristic and Object Type,00002A65-,Cycling Power Feature,,00002A65-,
GATT Characteristic and Object Type,00002A66-,Cycling Power Control Point,,00002A66-,
GATT Characteristic and Object Type,00002A67-,Location and Speed,,00002A67-,
GATT Characteristic and Object Type,00002A68-,Navigation,,00002A68-,
GATT Characteristic and Object Type,00002A69-,Position Quality,,00002A69-,
GATT Characteristic and Object Type,00002A6A-,LN Feature,,00002A6A-,
GATT Characteristic and Object Type,00002A6B-,LN Control Point,,00002A6B-,
GATT Characteristic and Object Type,00002A6C-,Elevation,,00002A6C-,
GATT Characteristic and Object Type,00002A6D-,Pressure,,00002A6D-,
GATT Characteristic and Object Type,00002A6E-,Temperature,,00002A6E-,
GATT Characteristic and Object Type,00002A6F-,Humidity,,00002A6F-,
GATT Characteristic and Object Type,00002A70-,True Wind Speed,,00002A70-,
GATT Characteristic and Object Type,00002A71-,True Wind Direction,,00002A71-,
GATT Characteristic and Object Type,00002A72-,Apparent Wind Speed,,00002A72-,
GATT Characteristic and Object Type,00002A73-,Apparent Wind Direction,,00002A73-,
GATT Characteristic and Object Type,00002A74-,Gust Factor,,00002A74-,
GATT Characteristic and Object Type,00002A75-,Pollen Concentration,,00002A75-,
GATT Characteristic and Object Type,00002A76-,UV Index,,00002A76-,
GATT Characteristic and Object Type,00002A77-,Irradiance,,00002A77-,
GATT Characteristic and Object Type,00002A78-,Rainfall,,00002A78-,
GATT Characteristic and Object Type,00002A79-,Wind Chill,,00002A79-,
GATT Characteristic and Object Type,00002A7A-,Heat Index,,00002A7A-,
GATT Characteristic and Object Type,00002A7B-,Dew Point,,00002A7B-,
GATT Characteristic and Object Type,00002A7D-,Descriptor Value Changed,,00002A7D-,
GATT Characteristic and Object Type,00002A7E-,Aerobic Heart Rate Lower Limit,,00002A7E-,
GATT Characteristic and Object Type,00002A7F-,Aerobic Threshold,,00002A7F-,
GATT Characteristic and Object Type,00002A80-,Age,,00002A80-,
GATT Characteristic and Object Type,00002A81-,Anaerobic Heart Rate Lower Limit,,00002A81-,
GATT Characteristic and Object Type,00002A82-,Anaerobic Heart Rate Upper Limit,,00002A82-,
GATT Characteristic and Object Type,00002A83-,Anaerobic Threshold,,00002A83-,
GATT Characteristic and Object Type,00002A84-,Aerobic Heart Rate Upper Limit,,00002A84-,
GATT Characteristic and Object Type,00002A85-,Date of Birth,,00002A85-,
GATT Characteristic and Object Type,00002A86-,Date of Threshold Assessment,,00002A86-,
GATT Characteristic and Object Type,00002A87-,Email Address,,00002A87-,
GATT Characteristic and Object Type,00002A88-,Fat Burn Heart Rate Lower Limit,,00002A88-,
GATT Characteristic and Object Type,00002A89-,Fat Burn Heart Rate Upper Limit,,00002A89-,
GATT Characteristic and Object Type,00002A8A-,First Name,,00002A8A-,
GATT Characteristic and Object Type,00002A8B-,Five Zone Heart Rate Limits,,00002A8B-,
GATT Characteristic and Object Type,00002A8C-,Gender,,00002A8C-,
GATT Characteristic and Object Type,00002A8D-,Heart Rate Max,,00002A8D-,
GATT Characteristic and Object Type,00002A8E-,Height,,00002A8E-,
GATT Characteristic and Object Type,00002A8F-,Hip Circumference,,00002A8F-,
GATT Characteristic and Object Type,00002A90-,Last Name,,00002A90-,
GATT Characteristic and Object Type,00002A91-,Maximum Recommended Heart Rate,,00002A91-,
GATT Characteristic and Object Type,00002A92-,Resting Heart Rate,,00002A92-,
GATT Characteristic and Object Type,00002A93-,Sport Type for Aerobic and Anaerobic Thresholds,,00002A93-,
GATT Characteristic and Object Type,00002A94-,Three Zone Heart Rate Limits,,00002A94-,
GATT Characteristic and Object Type,00002A95-,Two Zone Heart Rate Limits,,00002A95-,
GATT Characteristic and Object Type,00002A96-,VO2 Max,,00002A96-,
GATT Characteristic and Object Type,00002A97-,Waist Circumference,,00002A97-,
GATT Characteristic and Object Type,00002A98-,Weight,,00002A98-,
GATT Characteristic and Object Type,00002A99-,Database Change Increment,,00002A99-,
GATT Characteristic and Object Type,00002A9A-,User Index,,00002A9A-,
GATT Characteristic and Object Type,00002A9B-,Body Composition Feature,,00002A9B-,
GATT Characteristic and Object Type,00002A9C-,Body Composition Measurement,,00002A9C-,
GATT Characteristic and Object Type,00002A9D-,Weight Measurement,,00002A9D-,
GATT Characteristic and Object Type,00002A9E-,Weight Scale Feature,,00002A9E-,
GATT Characteristic and Object Type,00002A9F-,User Control Point,,00002A9F-,
GATT Characteristic and Object Type,00002AA0-,Magnetic Flux Density - 2D,,00002AA0-,
GATT Characteristic and Object Type,00002AA1-,Magnetic Flux Density - 3D,,00002AA1-,
GATT Characteristic and Object Type,00002AA2-,Language,,00002AA2-,
GATT Characteristic and Object Type,00002AA3-,Barometric Pressure Trend,,00002AA3-,
GATT Characteristic and Object Type,00002AA4-,Bond Management Control Point,,00002AA4-,
GATT Characteristic and Object Type,00002AA5-,Bond Management Feature,,00002AA5-,
GATT Characteristic and Object Type,00002AA6-,Central Address Resolution,,00002AA6-,
GATT Characteristic and Object Type,00002AA7-,CGM Measurement,,00002AA7-,
GATT Characteristic and Object Type,00002AA8-,CGM Feature,,00002AA8-,
GATT Characteristic and Object Type,00002AA9-,CGM Status,,00002AA9-,
GATT Characteristic and Object Type,00002AAA-,CGM Session Start Time,,00002AAA-,
GATT Characteristic and Object Type,00002AAB-,CGM Session Run Time,,00002AAB-,
GATT Characteristic and Object Type,00002AAC-,CGM Specific Ops Control Point,,00002AAC-,
GATT Characteristic and Object Type,00002AAD-,Indoor Positioning Configuration,,00002AAD-,
GATT Characteristic and Object Type,00002AAE-,Latitude,,00002AAE-,
GATT Characteristic and Object Type,00002AAF-,Longitude,,00002AAF-,
GATT Characteristic and Object Type,00002AB0-,Local North Coordinate,,00002AB0-,
GATT Characteristic and Object Type,00002AB1-,Local East Coordinate,,00002AB1-,
GATT Characteristic and Object Type,00002AB2-,Floor Number,,00002AB2-,
GATT Characteristic and Object Type,00002AB3-,Altitude,,00002AB3-,
GATT Characteristic and Object Type,00002AB4-,Uncertainty,,00002AB4-,
GATT Characteristic and Object Type,00002AB5-,Location Name,,00002AB5-,
GATT Characteristic and Object Type,00002AB6-,URI,,00002AB6-,
GATT Characteristic and Object Type,00002AB7-,HTTP Headers,,00002AB7-,
GATT Characteristic and Object Type,00002AB8-,HTTP Status Code,,00002AB8-,
GATT Characteristic and Object Type,00002AB9-,HTTP Entity Body,,00002AB9-,
GATT Characteristic and Object Type,00002ABA-,HTTP Control Point,,00002ABA-,
GATT Characteristic and Object Type,00002ABB-,HTTPS Security,,00002ABB-,
GATT Characteristic and Object Type,00002ABC-,TDS Control Point,,00002ABC-,
GATT Characteristic and Object Type,00002ABD-,OTS Feature,,00002ABD-,
GATT Characteristic and Object Type,00002ABE-,object name,,00002ABE-,
GATT Characteristic and Object Type,00002ABF-,object type,,00002ABF-,
GATT Characteristic and Object Type,00002AC0-,object size,,00002AC0-,
GATT Characteristic and Object Type,00002AC1-,object first created,,00002AC1-,
GATT Characteristic and Object Type,00002AC2-,object last modified,,00002AC2-,
GATT Characteristic and Object Type,00002AC3-,object ID,,00002AC3-,
GATT Characteristic and Object Type,00002AC4-,object properties,,00002AC4-,
GATT Characteristic and Object Type,00002AC5-,object actioncontrol point,,00002AC5-,
GATT Characteristic and Object Type,00002AC6-,object list control point,,00002AC6-,
GATT Characteristic and Object Type,00002AC7-,object list filter,,00002AC7-,
GATT Characteristic and Object Type,00002AC8-,object changed,,00002AC8-,
GATT Characteristic and Object Type,00002AC9-,Resolvable Private Address Only,,00002AC9-,
GATT Characteristic and Object Type,00002ACA-,Unspecified,,00002ACA-,
GATT Characteristic and Object Type,00002ACB-,Directory Listing,,00002ACB-,
GATT Characteristic and Object Type,00002ACC-,Fitness Machine Feature,,00002ACC-,
GATT Characteristic and Object Type,00002ACD-,Treadmill Data,,00002ACD-,
GATT Characteristic and Object Type,00002ACE-,Cross Trainer Data,,00002ACE-,
GATT Characteristic and Object Type,00002ACF-,Step Climber Data,,00002ACF-,
GATT Characteristic and Object Type,00002AD0-,Stair Climber Data,,00002AD0-,
GATT Characteristic and Object Type,00002AD1-,Rower Data,,00002AD1-,
GATT Characteristic and Object Type,00002AD2-,Indoor Bike Data,,00002AD2-,
GATT Characteristic and Object Type,00002AD3-,Training Status,,00002AD3-,
GATT Characteristic and Object Type,00002AD4-,Supported Speed Range,,00002AD4-,
GATT Characteristic and Object Type,00002AD5-,Supported Inclination Range,,00002AD5-,
GATT Characteristic and Object Type,00002AD6-,Supported Resistance Level Range,,00002AD6-,
GATT Characteristic and Object Type,00002AD7-,Supported Heart Rate Range,,00002AD7-,
GATT Characteristic and Object Type,00002AD8-,Supported Power Range,,00002AD8-,
GATT Characteristic and Object Type,00002AD9-,Fitness Machine Control Point,,00002AD9-,
GATT Characteristic and Object Type,00002ADA-,Fitness Machine Status,,00002ADA-,
GATT Characteristic and Object Type,00002ADB-,Mesh Provisioning Data In,,00002ADB-,
GATT Characteristic and Object Type,00002ADC-,Mesh Provisioning Data Out,,00002ADC-,
GATT Characteristic and Object Type,00002ADD-,Mesh Proxy Data In,,00002ADD-,
GATT Characteristic and Object Type,00002ADE-,Mesh Proxy Data Out,,00002ADE-,
GATT Characteristic and Object Type,00002AE0-,Average Current,,00002AE0-,
GATT Characteristic and Object Type,00002AE1-,Average Voltage,,00002AE1-,
GATT Characteristic and Object Type,00002AE2-,Boolean,,00002AE2-,
GATT Characteristic and Object Type,00002AE3-,Chromatic Distance From Planckian,,00002AE3-,
GATT Characteristic and Object Type,00002AE4-,Chromaticity Coordinates,,00002AE4-,
GATT Characteristic and Object Type,00002AE5-,Chromaticity in CCT And Duv Values,,00002AE5-,
GATT Characteristic and Object Type,00002AE6-,Chromaticity Tolerance,,00002AE6-,
GATT Characteristic and Object Type,00002AE7-,CIE 13.3-1995 Color Rendering Index,,00002AE7-,
GATT Characteristic and Object Type,00002AE8-,Coefficient,,00002AE8-,
GATT Characteristic and Object Type,00002AE9-,Correlated Color Temperature,,00002AE9-,
GATT Characteristic and Object Type,00002AEA-,Count 16,,00002AEA-,
GATT Characteristic and Object Type,00002AEB-,Count 24,,00002AEB-,
GATT Characteristic and Object Type,00002AEC-,Country Code,,00002AEC-,
GATT Characteristic and Object Type,00002AED-,Date UTC,,00002AED-,
GATT Characteristic and Object Type,00002AEE-,Electric Current,,00002AEE-,
GATT Characteristic and Object Type,00002AEF-,Electric Current Range,,00002AEF-,
GATT Characteristic and Object Type,00002AF0-,Electric Current Specification,,00002AF0-,
GATT Characteristic and Object Type,00002AF1-,Electric Current Statistics,,00002AF1-,
GATT Characteristic and Object Type,00002AF2-,Energy,,00002AF2-,
GATT Characteristic and Object Type,00002AF3-,Energy In A Period Of Day,,00002AF3-,
GATT Characteristic and Object Type,00002AF4-,Event Statistics,,00002AF4-,
GATT Characteristic and Object Type,00002AF5-,Fixed String 16,,00002AF5-,
GATT Characteristic and Object Type,00002AF6-,Fixed String 24,,00002AF6-,
GATT Characteristic and Object Type,00002AF7-,Fixed String 36,,00002AF7-,
GATT Characteristic and Object Type,00002AF8-,Fixed String 8,,00002AF8-,
GATT Characteristic and Object Type,00002AF9-,Generic Level,,00002AF9-,
GATT Characteristic and Object Type,00002AFA-,Global Trade Item Number,,00002AFA-,
GATT Characteristic and Object Type,00002AFB-,Illuminance,,00002AFB-,
GATT Characteristic and Object Type,00002AFC-,Luminous Efficacy,,00002AFC-,
GATT Characteristic and Object Type,00002AFD-,Luminous Energy,,00002AFD-,
GATT Characteristic and Object Type,00002AFE-,Luminous Exposure,,00002AFE-,
GATT Characteristic and Object Type,00002AFF-,Luminous Flux,,00002AFF-,
GATT Characteristic and Object Type,00002B00-,Luminous Flux Range,,00002B00-,
GATT Characteristic and Object Type,00002B01-,Luminous Intensity,,00002B01-,
GATT Characteristic and Object Type,00002B02-,Mass Flow,,00002B02-,
GATT Characteristic and Object Type,00002B03-,Perceived Lightness,,00002B03-,
GATT Characteristic and Object Type,00002B04-,Percentage 8,,00002B04-,
GATT Characteristic and Object Type,00002B05-,Power,,00002B05-,
GATT Characteristic and Object Type,00002B06-,Power Specification,,00002B06-,
GATT Characteristic and Object Type,00002B07-,Relative Runtime In A Current Range,,00002B07-,
GATT Characteristic and Object Type,00002B08-,Relative Runtime In A Generic Level Range,,00002B08-,
GATT Characteristic and Object Type,00002B09-,Relative Value In A Voltage Range,,00002B09-,
GATT Characteristic and Object Type,00002B0A-,Relative Value In An Illuminance Range,,00002B0A-,
GATT Characteristic and Object Type,00002B0B-,Relative Value In A Period Of Day,,00002B0B-,
GATT Characteristic and Object Type,00002B0C-,Relative Value In A Temperature Range,,00002B0C-,
GATT Characteristic and Object Type,00002B0D-,Temperature 8,,00002B0D-,
GATT Characteristic and Object Type,00002B0E-,Temperature 8 In A Period Of Day,,00002B0E-,
GATT Characteristic and Object Type,00002B0F-,Temperature 8 Statistics,,00002B0F-,
GATT Characteristic and Object Type,00002B10-,Temperature Range,,00002B10-,
GATT Characteristic and Object Type,00002B11-,Temperature Statistics,,00002B11-,
GATT Characteristic and Object Type,00002B12-,Time Decihour 8,,00002B12-,
GATT Characteristic and Object Type,00002B13-,Time Exponential 8,,00002B13-,
GATT Characteristic and Object Type,00002B14-,Time Hour 24,,00002B14-,
GATT Characteristic and Object Type,00002B15-,Time Millisecond 24,,00002B15-,
GATT Characteristic and Object Type,00002B16-,Time Second 16,,00002B16-,
GATT Characteristic and Object Type,00002B17-,Time Second 8,,00002B17-,
GATT Characteristic and Object Type,00002B18-,Voltage,,00002B18-,
GATT Characteristic and Object Type,00002B19-,Voltage Specification,,00002B19-,
GATT Characteristic and Object Type,00002B1A-,Voltage Statistics,,00002B1A-,
GATT Characteristic and Object Type,00002B1B-,Volume Flow,,00002B1B-,
GATT Characteristic and Object Type,00002B1C-,Chromaticity Coordinate,,00002B1C-,
GATT Characteristic and Object Type,00002B1D-,RC Feature,,00002B1D-,
GATT Characteristic and Object Type,00002B1E-,RC Settings,,00002B1E-,
GATT Characteristic and Object Type,00002B1F-,Reconnection Configuration Control Point,,00002B1F-,
GATT Characteristic and Object Type,00002B20-,IDD Status Changed,,00002B20-,
GATT Characteristic and Object Type,00002B21-,IDD Status,,00002B21-,
GATT Characteristic and Object Type,00002B22-,IDD Annunciation Status,,00002B22-,
GATT Characteristic and Object Type,00002B23-,IDD Features,,00002B23-,
GATT Characteristic and Object Type,00002B24-,IDD Status Reader Control Point,,00002B24-,
GATT Characteristic and Object Type,00002B25-,IDD Command Control Point,,00002B25-,
GATT Characteristic and Object Type,00002B26-,IDD Command Data,,00002B26-,
GATT Characteristic and Object Type,00002B27-,IDD Record Access Control Point,,00002B27-,
GATT Characteristic and Object Type,00002B28-,IDD History Data,,00002B28-,
GATT Characteristic and Object Type,00002B29-,Client Supported Features,,00002B29-,
GATT Characteristic and Object Type,00002B2A-,Database Hash,,00002B2A-,
GATT Characteristic and Object Type,00002B2B-,BSS Control Point,,00002B2B-,
GATT Characteristic and Object Type,00002B2C-,BSS Response,,00002B2C-,
GATT Characteristic and Object Type,00002B2D-,Emergency ID,,00002B2D-,
GATT Characteristic and Object Type,00002B2E-,Emergency Text,,00002B2E-,
GATT Characteristic and Object Type,00002B34-,Enhanced Blood Pressure Measurement,,00002B34-,
GATT Characteristic and Object Type,00002B35-,Enhanced Intermediate Cuff Pressure,,00002B35-,
GATT Characteristic and Object Type,00002B36-,Blood Pressure Record,,00002B36-,
GATT Characteristic and Object Type,00002B38-,BR-EDR Handover Data,,00002B38-,
GATT Characteristic and Object Type,00002B39-,Bluetooth SIG Data,,00002B39-,
GATT Characteristic and Object Type,00002B3A-,Server Supported Features,,00002B3A-,
GATT Characteristic and Object Type,00002B3B-,Physical Activity Monitor Features,,00002B3B-,
GATT Characteristic and Object Type,00002B3C-,General Activity Instantaneous Data,,00002B3C-,
GATT Characteristic and Object Type,00002B3D-,General Activity Summary Data,,00002B3D-,
GATT Characteristic and Object Type,00002B3E-,CardioRespiratory Activity Instantaneous Data,,00002B3E-,
GATT Characteristic and Object Type,00002B3F-,CardioRespiratory Activity Summary Data,,00002B3F-,
GATT Characteristic and Object Type,00002B40-,Step Counter Activity Summary Data,,00002B40-,
GATT Characteristic and Object Type,00002B41-,Sleep Activity Instantaneous Data,,00002B41-,
GATT Characteristic and Object Type,00002B42-,Sleep Activity Summary Data,,00002B42-,
GATT Characteristic and Object Type,00002B43-,Physical Activity Monitor Control Point,,00002B43-,
GATT Characteristic and Object Type,00002B44-,Current Session,,00002B44-,
GATT Characteristic and Object Type,00002B45-,Session,,00002B45-,
GATT Characteristic and Object Type,00002B46-,Preferred Units,,00002B46-,
GATT Characteristic and Object Type,00002B47-,High Resolution Height,,00002B47-,
GATT Characteristic and Object Type,00002B48-,Middle Name,,00002B48-,
GATT Characteristic and Object Type,00002B49-,Stride Length,,00002B49-,
GATT Characteristic and Object Type,00002B4A-,Handedness,,00002B4A-,
GATT Characteristic and Object Type,00002B4B-,Device Wearing Position,,00002B4B-,
GATT Characteristic and Object Type,00002B4C-,Four Zone Heart Rate Limits,,00002B4C-,
GATT Characteristic and Object Type,00002B4D-,High Intensity Exercise Threshold,,00002B4D-,
GATT Characteristic and Object Type,00002B4E-,Activity Goal,,00002B4E-,
GATT Characteristic and Object Type,00002B4F-,Sedentary Interval Notification,,00002B4F-,
GATT Characteristic and Object Type,00002B50-,Caloric Intake,,00002B50-,
GATT Characteristic and Object Type,00002B77-,Audio Input State,,00002B77-,
GATT Characteristic and Object Type,00002B78-,Gain Settings Attribute,,00002B78-,
GATT Characteristic and Object Type,00002B79-,Audio Input Type,,00002B79-,
GATT Characteristic and Object Type,00002B7A-,Audio Input Status,,00002B7A-,
GATT Characteristic and Object Type,00002B7B-,Audio Input Control Point,,00002B7B-,
GATT Characteristic and Object Type,00002B7C-,Audio Input Description,,00002B7C-,
GATT Characteristic and Object Type,00002B7D-,Volume State,,00002B7D-,
GATT Characteristic and Object Type,00002B7E-,Volume Control Point,,00002B7E-,
GATT Characteristic and Object Type,00002B7F-,Volume Flags,,00002B7F-,
GATT Characteristic and Object Type,00002B80-,Offset State,,00002B80-,
GATT Characteristic and Object Type,00002B81-,Audio Location,,00002B81-,
GATT Characteristic and Object Type,00002B82-,Volume Offset Control Point,,00002B82-,
GATT Characteristic and Object Type,00002B83-,Audio Output Description,,00002B83-,
GATT Characteristic and Object Type,00002B84-,Set Identity Resolving Key Characteristic,,00002B84-,
GATT Characteristic and Object Type,00002B85-,Size Characteristic,,00002B85-,
GATT Characteristic and Object Type,00002B86-,Lock Characteristic,,00002B86-,
GATT Characteristic and Object Type,00002B87-,Rank Characteristic,,00002B87-,
GATT Characteristic and Object Type,00002B8E-,Device Time Feature,,00002B8E-,
GATT Characteristic and Object Type,00002B8F-,Device Time Parameters,,00002B8F-,
GATT Characteristic and Object Type,00002B90-,Device Time,,00002B90-,
GATT Characteristic and Object Type,00002B91-,Device Time Control Point,,00002B91-,
GATT Characteristic and Object Type,00002B92-,Time Change Log Data,,00002B92-,
GATT Characteristic and Object Type,00002B93-,Media Player Name,,00002B93-,
GATT Characteristic and Object Type,00002B94-,Media Player Icon Object ID,,00002B94-,
GATT Characteristic and Object Type,00002B95-,Media Player Icon URL,,00002B95-,
GATT Characteristic and Object Type,00002B96-,Track Changed,,00002B96-,
GATT Characteristic and Object Type,00002B97-,Track Title,,00002B97-,
GATT Characteristic and Object Type,00002B98-,Track Duration,,00002B98-,
GATT Characteristic and Object Type,00002B99-,Track Position,,00002B99-,
GATT Characteristic and Object Type,00002B9A-,Playback Speed,,00002B9A-,
GATT Characteristic and Object Type,00002B9B-,Seeking Speed,,00002B9B-,
GATT Characteristic and Object Type,00002B9C-,Current Track Segments Object ID,,00002B9C-,
GATT Characteristic and Object Type,00002B9D-,Current Track Object ID,,00002B9D-,
GATT Characteristic and Object Type,00002B9E-,Next Track Object ID,,00002B9E-,
GATT Characteristic and Object Type,00002B9F-,Parent Group Object ID,,00002B9F-,
GATT Characteristic and Object Type,00002BA0-,Current Group Object ID,,00002BA0-,
GATT Characteristic and Object Type,00002BA1-,Playing Order,,00002BA1-,
GATT Characteristic and Object Type,00002BA2-,Playing Orders Supported,,00002BA2-,
GATT Characteristic and Object Type,00002BA3-,Media State,,00002BA3-,
GATT Characteristic and Object Type,00002BA4-,Media Control Point,,00002BA4-,
GATT Characteristic and Object Type,00002BA5-,Media Control Point Opcodes Supported,,00002BA5-,
GATT Characteristic and Object Type,00002BA6-,Search Results Object ID,,00002BA6-,
GATT Characteristic and Object Type,00002BA7-,Search Control Point,,00002BA7-,
GATT Characteristic and Object Type,00002BA9-,Media Player Icon Object Type,,00002BA9-,
GATT Characteristic and Object Type,00002BAA-,Track Segments Object Type,,00002BAA-,
GATT Characteristic and Object Type,00002BAB-,Track Object Type,,00002BAB-,
GATT Characteristic and Object Type,00002BAC-,Group Object Type,,00002BAC-,
GATT Characteristic and Object Type,00002BAD-,Constant Tone Extension Enable,,00002BAD-,
GATT Characteristic and Object Type,00002BAE-,Advertising Constant Tone Extension Minimum Length,,00002BAE-,
GATT Characteristic and Object Type,00002BAF-,Advertising Constant Tone Extension Minimum Transmit Count,,00002BAF-,
GATT Characteristic and Object Type,00002BB0-,Advertising Constant Tone Extension Transmit Duration,,00002BB0-,
GATT Characteristic and Object Type,00002BB1-,Advertising Constant Tone Extension Interval,,00002BB1-,
GATT Characteristic and Object Type,00002BB2-,Advertising Constant Tone Extension PHY,,00002BB2-,
GATT Characteristic and Object Type,00002BB3-,Bearer Provider Name,,00002BB3-,
GATT Characteristic and Object Type,00002BB4-,Bearer UCI,,00002BB4-,
GATT Characteristic and Object Type,00002BB5-,Bearer Technology,,00002BB5-,
GATT Characteristic and Object Type,00002BB6-,Bearer URI Schemes Supported List,,00002BB6-,
GATT Characteristic and Object Type,00002BB7-,Bearer Signal Strength,,00002BB7-,
GATT Characteristic and Object Type,00002BB8-,Bearer Signal Strength Reporting Interval,,00002BB8-,
GATT Characteristic and Object Type,00002BB9-,Bearer List Current Calls,,00002BB9-,
GATT Characteristic and Object Type,00002BBA-,Content Control ID,,00002BBA-,
GATT Characteristic and Object Type,00002BBB-,Status Flags,,00002BBB-,
GATT Characteristic and Object Type,00002BBC-,Incoming Call Target Bearer URI,,00002BBC-,
GATT Characteristic and Object Type,00002BBD-,Call State,,00002BBD-,
GATT Characteristic and Object Type,00002BBE-,Call Control Point,,00002BBE-,
GATT Characteristic and Object Type,00002BBF-,Call Control Point Optional Opcodes,,00002BBF-,
GATT Characteristic and Object Type,00002BC0-,Termination Reason,,00002BC0-,
GATT Characteristic and Object Type,00002BC1-,Incoming Call,,00002BC1-,
GATT Characteristic and Object Type,00002BC2-,Call Friendly Name,,00002BC2-,
GATT Characteristic and Object Type,00002BC3-,Mute,,00002BC3-,
GATT Declarations,00002800-,Primary Service,,00002800-,
GATT Declarations,00002801-,Secondary Service,,00002801-,
GATT Declarations,00002802-,Include,,00002802-,
GATT Declarations,00002803-,Characteristic,,00002803-,
GATT Descriptor,00002900-,Characteristic Extended Properties,,00002900-,
GATT Descriptor,00002901-,Characteristic User Description,,00002901-,
GATT Descriptor,00002902-,Client Characteristic Configuration,,00002902-,
GATT Descriptor,00002903-,Server Characteristic Configuration,,00002903-,
GATT Descriptor,00002904-,Characteristic Presentation Format,,00002904-,
GATT Descriptor,00002905-,Characteristic Aggregate Format,,00002905-,
GATT Descriptor,00002906-,Valid Range,,00002906-,
GATT Descriptor,00002907-,External Report Reference,,00002907-,
GATT Descriptor,00002908-,Report Reference,,00002908-,
GATT Descriptor,00002909-,Number of Digitals,,00002909-,
GATT Descriptor,0000290A-,Value Trigger Setting,,0000290A-,
GATT Descriptor,0000290B-,Environmental Sensing Configuration,,0000290B-,
GATT Descriptor,0000290C-,Environmental Sensing Measurement,,0000290C-,
GATT Descriptor,0000290D-,Environmental Sensing Trigger Setting,,0000290D-,
GATT Descriptor,0000290E-,Time Trigger Setting,,0000290E-,
GATT Descriptor,0000290F-,Complete BR-EDR Transport Block Data,,0000290F-,
GATT Service,00001800-,Generic Access,,00001800-,
GATT Service,00001801-,Generic Attribute,,00001801-,
GATT Service,00001802-,Immediate Alert,,00001802-,
GATT Service,00001803-,Link Loss,,00001803-,
GATT Service,00001804-,Tx Power,,00001804-,
GATT Service,00001805-,Current Time,,00001805-,
GATT Service,00001806-,Reference Time Update,,00001806-,
GATT Service,00001807-,Next DST Change,,00001807-,
GATT Service,00001808-,Glucose,,00001808-,
GATT Service,00001809-,Health Thermometer,,00001809-,
GATT Service,0000180A-,Device Information,,0000180A-,
GATT Service,0000180D-,Heart Rate,,0000180D-,
GATT Service,0000180E-,Phone Alert Status,,0000180E-,
GATT Service,0000180F-,Battery,,0000180F-,
GATT Service,00001810-,Blood Pressure,,00001810-,
GATT Service,00001811-,Alert Notification,,00001811-,
GATT Service,00001812-,Human Interface Device,,00001812-,
GATT Service,00001813-,Scan Parameters,,00001813-,
GATT Service,00001814-,Running Speed and Cadence,,00001814-,
GATT Service,00001815-,Automation IO,,00001815-,
GATT Service,00001816-,Cycling Speed and Cadence,,00001816-,
GATT Service,00001818-,Cycling Power,,00001818-,
GATT Service,00001819-,Location and Navigation,,00001819-,
GATT Service,0000181A-,Environmental Sensing,,0000181A-,
GATT Service,0000181B-,Body Composition,,0000181B-,
GATT Service,0000181C-,User Data,,0000181C-,
GATT Service,0000181D-,Weight Scale,,0000181D-,
GATT Service,0000181E-,Bond Management,,0000181E-,
GATT Service,0000181F-,Continuous Glucose Monitoring,,0000181F-,
GATT Service,00001820-,Internet Protocol Support,,00001820-,
GATT Service,00001821-,Indoor Positioning,,00001821-,
GATT Service,00001822-,Pulse Oximeter,,00001822-,
GATT Service,00001823-,HTTP Proxy,,00001823-,
GATT Service,00001824-,Transport Discovery,,00001824-,
GATT Service,00001825-,Object Transfer,,00001825-,
GATT Service,00001826-,Fitness Machine,,00001826-,
GATT Service,00001827-,Mesh Provisioning,,00001827-,
GATT Service,00001828-,Mesh Proxy,,00001828-,
GATT Service,00001829-,Reconnection Configuration,,00001829-,
GATT Service,0000183A-,Insulin Delivery,,0000183A-,
GATT Service,0000183B-,Binary Sensor,,0000183B-,
GATT Service,0000183C-,Emergency Configuration,,0000183C-,
GATT Service,0000183E-,Physical Activity Monitor,,0000183E-,
GATT Service,00001843-,Audio Input Control,,00001843-,
GATT Service,00001844-,Volume Control,,00001844-,
GATT Service,00001845-,Volume Offset Control,,00001845-,
GATT Service,00001846-,Coordinated Set Identification Service,,00001846-,
GATT Service,00001847-,Device Time,,00001847-,
GATT Service,00001848-,Media Control Service,,00001848-,
GATT Service,00001849-,Generic Media Control Service,,00001849-,
GATT Service,0000184A-,Constant Tone Extension,,0000184A-,
GATT Service,0000184B-,Telephone Bearer Service,,0000184B-,
GATT Service,0000184C-,Generic Telephone Bearer Service,,0000184C-,
GATT Service,0000184D-,Microphone Control,,0000184D-,
GATT Unit,00002700-,unitless,,00002700-,
GATT Unit,00002701-,length (metre),,00002701-,
GATT Unit,00002702-,mass (kilogram),,00002702-,
GATT Unit,00002703-,time (second),,00002703-,
GATT Unit,00002704-,electric current (ampere),,00002704-,
GATT Unit,00002705-,thermodynamic temperature (kelvin),,00002705-,
GATT Unit,00002706-,amount of substance (mole),,00002706-,
GATT Unit,00002707-,luminous intensity (candela),,00002707-,
GATT Unit,00002710-,area (square metres),,00002710-,
GATT Unit,00002711-,volume (cubic metres),,00002711-,
GATT Unit,00002712-,velocity (metres per second),,00002712-,
GATT Unit,00002713-,acceleration (metres per second squared),,00002713-,
GATT Unit,00002714-,wavenumber (reciprocal metre),,00002714-,
GATT Unit,00002715-,density (kilogram per cubic metre),,00002715-,
GATT Unit,00002716-,surface density (kilogram per square metre),,00002716-,
GATT Unit,00002717-,specific volume (cubic metre per kilogram),,00002717-,
GATT Unit,00002718-,current density (ampere per square metre),,00002718-,
GATT Unit,00002719-,magnetic field strength (ampere per metre),,00002719-,
GATT Unit,0000271A-,amount concentration (mole per cubic metre),,0000271A-,
GATT Unit,0000271B-,mass concentration (kilogram per cubic metre),,0000271B-,
GATT Unit,0000271C-,luminance (candela per square metre),,0000271C-,
GATT Unit,0000271D-,refractive index,,0000271D-,
GATT Unit,0000271E-,relative permeability,,0000271E-,
GATT Unit,00002720-,plane angle (radian),,00002720-,
GATT Unit,00002721-,solid angle (steradian),,00002721-,
GATT Unit,00002722-,frequency (hertz),,00002722-,
GATT Unit,00002723-,force (newton),,00002723-,
GATT Unit,00002724-,pressure (pascal),,00002724-,
GATT Unit,00002725-,energy (joule),,00002725-,
GATT Unit,00002726-,power (watt),,00002726-,
GATT Unit,00002727-,electric charge (coulomb),,00002727-,
GATT Unit,00002728-,electric potential difference (volt),,00002728-,
GATT Unit,00002729-,capacitance (farad),,00002729-,
GATT Unit,0000272A-,electric resistance (ohm),,0000272A-,
GATT Unit,0000272B-,electric conductance (siemens),,0000272B-,
GATT Unit,0000272C-,magnetic flux (weber),,0000272C-,
GATT Unit,0000272D-,magnetic flux density (tesla),,0000272D-,
GATT Unit,0000272E-,inductance (henry),,0000272E-,
GATT Unit,0000272F-,Celsius temperature (degree Celsius),,0000272F-,
GATT Unit,00002730-,luminous flux (lumen),,00002730-,
GATT Unit,00002731-,illuminance (lux),,00002731-,
GATT Unit,00002732-,activity referred to a radionuclide (becquerel),,00002732-,
GATT Unit,00002733-,absorbed dose (gray),,00002733-,
GATT Unit,00002734-,dose equivalent (sievert),,00002734-,
GATT Unit,00002735-,catalytic activity (katal),,00002735-,
GATT Unit,00002740-,dynamic viscosity (pascal second),,00002740-,
GATT Unit,00002741-,moment of force (newton metre),,00002741-,
GATT Unit,00002742-,surface tension (newton per metre),,00002742-,
GATT Unit,00002743-,angular velocity (radian per second),,00002743-,
GATT Unit,00002744-,angular acceleration (radian per second squared),,00002744-,
GATT Unit,00002745-,heat flux density (watt per square metre),,00002745-,
GATT Unit,00002746-,heat capacity (joule per kelvin),,00002746-,
GATT Unit,00002747-,specific heat capacity (joule per kilogram kelvin),,00002747-,
GATT Unit,00002748-,specific energy (joule per kilogram),,00002748-,
GATT Unit,00002749-,thermal conductivity (watt per metre kelvin),,00002749-,
GATT Unit,0000274A-,energy density (joule per cubic metre),,0000274A-,
GATT Unit,0000274B-,electric field strength (volt per metre),,0000274B-,
GATT Unit,0000274C-,electric charge density (coulomb per cubic metre),,0000274C-,
GATT Unit,0000274D-,surface charge density (coulomb per square metre),,0000274D-,
GATT Unit,0000274E-,electric flux density (coulomb per square metre),,0000274E-,
GATT Unit,0000274F-,permittivity (farad per metre),,0000274F-,
GATT Unit,00002750-,permeability (henry per metre),,00002750-,
GATT Unit,00002751-,molar energy (joule per mole),,00002751-,
GATT Unit,00002752-,molar entropy (joule per mole kelvin),,00002752-,
GATT Unit,00002753-,exposure (coulomb per kilogram),,00002753-,
GATT Unit,00002754-,absorbed dose rate (gray per second),,00002754-,
GATT Unit,00002755-,radiant intensity (watt per steradian),,00002755-,
GATT Unit,00002756-,radiance (watt per square metre steradian),,00002756-,
GATT Unit,00002757-,catalytic activity concentration (katal per cubic metre),,00002757-,
GATT Unit,00002760-,time (minute),,00002760-,
GATT Unit,00002761-,time (hour),,00002761-,
GATT Unit,00002762-,time (day),,00002762-,
GATT Unit,00002763-,plane angle (degree),,00002763-,
GATT Unit,00002764-,plane angle (minute),,00002764-,
GATT Unit,00002765-,plane angle (second),,00002765-,
GATT Unit,00002766-,area (hectare),,00002766-,
GATT Unit,00002767-,volume (litre),,00002767-,
GATT Unit,00002768-,mass (tonne),,00002768-,
GATT Unit,00002780-,pressure (bar),,00002780-,
GATT Unit,00002781-,pressure (millimetre of mercury),,00002781-,
GATT Unit,00002782-,length (ångström),,00002782-,
GATT Unit,00002783-,length (nautical mile),,00002783-,
GATT Unit,00002784-,area (barn),,00002784-,
GATT Unit,00002785-,velocity (knot),,00002785-,
GATT Unit,00002786-,logarithmic radio quantity (neper),,00002786-,
GATT Unit,00002787-,logarithmic radio quantity (bel),,00002787-,
GATT Unit,000027A0-,length (yard),,000027A0-,
GATT Unit,000027A1-,length (parsec),,000027A1-,
GATT Unit,000027A2-,length (inch),,000027A2-,
GATT Unit,000027A3-,length (foot),,000027A3-,
GATT Unit,000027A4-,length (mile),,000027A4-,
GATT Unit,000027A5-,pressure (pound-force per square inch),,000027A5-,
GATT Unit,000027A6-,velocity (kilometre per hour),,000027A6-,
GATT Unit,000027A7-,velocity (mile per hour),,000027A7-,
GATT Unit,000027A8-,angular velocity (revolution per minute),,000027A8-,
GATT Unit,000027A9-,energy (gram calorie),,000027A9-,
GATT Unit,000027AA-,energy (kilogram calorie),,000027AA-,
GATT Unit,000027AB-,energy (kilowatt hour),,000027AB-,
GATT Unit,000027AC-,thermodynamic temperature (degree Fahrenheit),,000027AC-,
GATT Unit,000027AD-,percentage,,000027AD-,
GATT Unit,000027AE-,per mille,,000027AE-,
GATT Unit,000027AF-,period (beats per minute),,000027AF-,
GATT Unit,000027B0-,electric charge (ampere hours),,000027B0-,
GATT Unit,000027B1-,mass density (milligram per decilitre),,000027B1-,
GATT Unit,000027B2-,mass density (millimole per litre),,000027B2-,
GATT Unit,000027B3-,time (year),,000027B3-,
GATT Unit,000027B4-,time (month),,000027B4-,
GATT Unit,000027B5-,concentration (count per cubic metre),,000027B5-,
GATT Unit,000027B6-,irradiance (watt per square metre),,000027B6-,
GATT Unit,000027B7-,milliliter (per kilogram per minute),,000027B7-,
GATT Unit,000027B8-,mass (pound),,000027B8-,
GATT Unit,000027B9-,metabolic equivalent,,000027B9-,
GATT Unit,000027BA-,step (per minute),,000027BA-,
GATT Unit,000027BC-,stroke (per minute),,000027BC-,
GATT Unit,000027BD-,pace (kilometre per minute),,000027BD-,
GATT Unit,000027BE-,luminous efficacy (lumen per watt),,000027BE-,
GATT Unit,000027BF-,luminous energy (lumen hour),,000027BF-,
GATT Unit,000027C0-,luminous exposure (lux hour),,000027C0-,
GATT Unit,000027C1-,mass flow (gram per second),,000027C1-,
GATT Unit,000027C2-,volume flow (litre per second),,000027C2-,
GATT Unit,000027C3-,sound pressure (decible),,000027C3-,
GATT Unit,000027C4-,parts per million,,000027C4-,
GATT Unit,000027C5-,parts per billion,,000027C5-,
Protocol Identifier,00000001-,SDP,,00000001-,
Protocol Identifier,00000002-,UDP,,00000002-,
Protocol Identifier,00000003-,RFCOMM,,00000003-,
Protocol Identifier,00000004-,TCP,,00000004-,
Protocol Identifier,00000005-,TCS-BIN,,00000005-,
Protocol Identifier,00000006-,TCS-AT,,00000006-,
Protocol Identifier,00000007-,ATT,,00000007-,
Protocol Identifier,00000008-,OBEX,,00000008-,
Protocol Identifier,00000009-,IP,,00000009-,
Protocol Identifier,0000000A-,FTP,,0000000A-,
Protocol Identifier,0000000C-,HTTP,,0000000C-,
Protocol Identifier,0000000E-,WSP,,0000000E-,
Protocol Identifier,0000000F-,BNEP,,0000000F-,
Protocol Identifier,00000010-,UPNP,,00000010-,
Protocol Identifier,00000011-,HIDP,,00000011-,
Protocol Identifier,00000012-,HardcopyControlChannel,,00000012-,
Protocol Identifier,00000014-,HardcopyDataChannel,,00000014-,
Protocol Identifier,00000016-,HardcopyNotification,,00000016-,
Protocol Identifier,00000017-,AVCTP,,00000017-,
Protocol Identifier,00000019-,AVDTP,,00000019-,
Protocol Identifier,0000001B-,CMTP,,0000001B-,
Protocol Identifier,0000001E-,MCAPControlChannel,,0000001E-,
Protocol Identifier,0000001F-,MCAPDataChannel,,0000001F-,
Protocol Identifier,00000100-,L2CAP,,00000100-,
SDO GATT Service,0000FFF3-,FiRa Consortium,,0000FFF3-,
SDO GATT Service,0000FFF4-,FiRa Consortium,,0000FFF4-,
SDO GATT Service,0000FFF5-,"Car Connectivity Consortium, LLC",,0000FFF5-,
SDO GATT Service,0000FFF6-,ZigBee Alliance,,0000FFF6-,
SDO GATT Service,0000FFF7-,ZigBee Alliance,,0000FFF7-,
SDO GATT Service,0000FFF8-,Mopria Alliance,,0000FFF8-,
SDO GATT Service,0000FFF9-,Fast IDentity Online Alliance (FIDO),,0000FFF9-,
SDO GATT Service,0000FFFA-,ASTM International,,0000FFFA-,
SDO GATT Service,0000FFFB-,"Thread Group, Inc.",,0000FFFB-,
SDO GATT Service,0000FFFC-,AirFuel Alliance,,0000FFFC-,
SDO GATT Service,0000FFFD-,Fast IDentity Online Alliance (FIDO),,0000FFFD-,
SDO GATT Service,0000FFFE-,AirFuel Alliance (formerly Alliance for Wireless Power),,0000FFFE-,
Service Classes and Profiles,00001000-,ServiceDiscoveryServerServiceClassID,,00001000-,
Service Classes and Profiles,00001001-,BrowseGroupDescriptorServiceClassID,,00001001-,
Service Classes and Profiles,00001101-,SerialPort,,00001101-,
Service Classes and Profiles,00001102-,LANAccessUsingPPP,,00001102-,
Service Classes and Profiles,00001103-,DialupNetworking,,00001103-,
Service Classes and Profiles,00001104-,IrMCSync,,00001104-,
Service Classes and Profiles,00001105-,OBEXObjectPush,,00001105-,
Service Classes and Profiles,00001106-,OBEXFileTransfer,,00001106-,
Service Classes and Profiles,00001107-,IrMCSyncCommand,,00001107-,
Service Classes and Profiles,00001108-,Headset,,00001108-,
Service Classes and Profiles,00001109-,CordlessTelephony,,00001109-,
Service Classes and Profiles,0000110A-,AudioSource,,0000110A-,
Service Classes and Profiles,0000110B-,AudioSink,,0000110B-,
Service Classes and Profiles,0000110C-,A/V_RemoteControlTarget,,0000110C-,
Service Classes and Profiles,0000110D-,AdvancedAudioDistribution,,0000110D-,
Service Classes and Profiles,0000110E-,A/V_RemoteControl,,0000110E-,
Service Classes and Profiles,0000110F-,A/V_RemoteControlController,,0000110F-,
Service Classes and Profiles,00001110-,Intercom,,00001110-,
Service Classes and Profiles,00001111-,Fax,,00001111-,
Service Classes and Profiles,00001112-,Headset - Audio Gateway,,00001112-,
Service Classes and Profiles,00001113-,WAP,,00001113-,
Service Classes and Profiles,00001114-,WAP_CLIENT,,00001114-,
Service Classes and Profiles,00001115-,PANU,,00001115-,
Service Classes and Profiles,00001116-,NAP,,00001116-,
Service Classes and Profiles,00001117-,GN,,00001117-,
Service Classes and Profiles,00001118-,DirectPrinting,,00001118-,
Service Classes and Profiles,00001119-,ReferencePrinting,,00001119-,
Service Classes and Profiles,0000111A-,Basic Imaging Profile,,0000111A-,
Service Classes and Profiles,0000111B-,ImagingResponder,,0000111B-,
Service Classes and Profiles,0000111C-,ImagingAutomaticArchive,,0000111C-,
Service Classes and Profiles,0000111D-,ImagingReferencedObjects,,0000111D-,
Service Classes and Profiles,0000111E-,Handsfree,,0000111E-,
Service Classes and Profiles,0000111F-,HandsfreeAudioGateway,,0000111F-,
Service Classes and Profiles,00001120-,DirectPrintingReferenceObjectsService,,00001120-,
Service Classes and Profiles,00001121-,ReflectedUI,,00001121-,
Service Classes and Profiles,00001122-,BasicPrinting,,00001122-,
Service Classes and Profiles,00001123-,PrintingStatus,,00001123-,
Service Classes and Profiles,00001124-,HumanInterfaceDeviceService,,00001124-,
Service Classes and Profiles,00001125-,HardcopyCableReplacement,,00001125-,
Service Classes and Profiles,00001126-,HCR_Print,,00001126-,
Service Classes and Profiles,00001127-,HCR_Scan,,00001127-,
Service Classes and Profiles,00001128-,Common_ISDN_Access,,00001128-,
Service Classes and Profiles,0000112D-,SIM_Access,,0000112D-,
Service Classes and Profiles,0000112E-,Phonebook Access - PCE,,0000112E-,
Service Classes and Profiles,0000112F-,Phonebook Access - PSE,,0000112F-,
Service Classes and Profiles,00001130-,Phonebook Access,,00001130-,
Service Classes and Profiles,00001131-,Headset - HS,,00001131-,
Service Classes and Profiles,00001132-,Message Access Server,,00001132-,
Service Classes and Profiles,00001133-,Message Notification Server,,00001133-,
Service Classes and Profiles,00001134-,Message Access Profile,,00001134-,
Service Classes and Profiles,00001135-,GNSS,,00001135-,
Service Classes and Profiles,00001136-,GNSS_Server,,00001136-,
Service Classes and Profiles,00001137-,3D Display,,00001137-,
Service Classes and Profiles,00001138-,3D Glasses,,00001138-,
Service Classes and Profiles,00001139-,3D Synchronization,,00001139-,
Service Classes and Profiles,0000113A-,MPS Profile UUID,,0000113A-,
Service Classes and Profiles,0000113B-,MPS SC UUID,,0000113B-,
Service Classes and Profiles,0000113C-,CTN Access Service,,0000113C-,
Service Classes and Profiles,0000113D-,CTN Notification Service,,0000113D-,
Service Classes and Profiles,0000113E-,CTN Profile,,0000113E-,
Service Classes and Profiles,00001200-,PnPInformation,,00001200-,
Service Classes and Profiles,00001201-,GenericNetworking,,00001201-,
Service Classes and Profiles,00001202-,GenericFileTransfer,,00001202-,
Service Classes and Profiles,00001203-,GenericAudio,,00001203-,
Service Classes and Profiles,00001204-,GenericTelephony,,00001204-,
Service Classes and Profiles,00001205-,UPNP_Service,,00001205-,
Service Classes and Profiles,00001206-,UPNP_IP_Service,,00001206-,
Service Classes and Profiles,00001300-,ESDP_UPNP_IP_PAN,,00001300-,
Service Classes and Profiles,00001301-,ESDP_UPNP_IP_LAP,,00001301-,
Service Classes and Profiles,00001302-,ESDP_UPNP_L2CAP,,00001302-,
Service Classes and Profiles,00001303-,VideoSource,,00001303-,
Service Classes and Profiles,00001304-,VideoSink,,00001304-,
Service Classes and Profiles,00001305-,VideoDistribution,,00001305-,
Service Classes and Profiles,00001400-,HDP,,00001400-,
Service Classes and Profiles,00001401-,HDP Source,,00001401-,
Service Classes and Profiles,00001402-,HDP Sink,,00001402-,
